customer_id,name,email,state,signup_date
1,Allison Hill,donaldgarcia@example.net,MH,2025-02-15
2,Amanda Davis,williamjohnson@example.org,VT,2025-05-03
3,Connie Lawrence,blakeerik@example.com,MA,2024-08-04
4,Phillip Garcia,wdavis@example.net,KS,2025-08-26
5,Kimberly Dudley,smiller@example.net,RI,2025-10-22
6,Corey Jones,kendragalloway@example.org,VI,2024-03-27
7,Mark Diaz,,SC,2024-05-18
8,Carla Gray,gabriellecameron@example.org,IN,2025-09-05
9,Jennifer Jones,jason76@example.net,NH,2024-04-27
10,Patrick Ryan,zhurst@example.com,IN,2026-01-12
11,Johnny Campos,hernandezernest@example.net,NE,2025-03-24
12,Kyle Mcdonald,tasha01@example.net,FM,2025-02-09
13,Martin Rodriguez,amoore@example.net,FM,2025-06-23
14,Pamela Romero,harrellkenneth@example.net,NY,2025-04-03
15,Phillip Ryan,georgetracy@example.org,MN,2025-10-17
16,Elizabeth Brown,millertodd@example.org,WV,2025-02-06
17,Matthew Arroyo,josephbrennan@example.com,IL,2025-11-23
18,Melissa Marquez,pcarney@example.com,NV,2025-11-01
19,David Brown,chapmanjerry@example.org,AL,2024-03-05
20,Crystal Whitehead,chad34@example.net,NM,2024-06-18
21,Timothy Duncan,esanchez@example.com,ID,2024-03-22
22,Heather Jenkins,nuneztracey@example.org,AR,2024-11-03
23,Scott Wright,amandataylor@example.org,KY,2024-12-17
24,Angela Morton,williamsyvette@example.org,CO,2025-11-21
25,Carol Tucker,michellebarrera@example.org,MS,2024-01-15
26,Timothy Glover,rodney87@example.org,ID,2024-08-17
27,Lauren Daniels,,PW,2025-09-28
28,Tyler Miller,caseyjones@example.org,MO,2024-04-10
29,Danielle Wheeler,barnesbrandy@example.net,MD,2025-11-27
30,Mike Allen,panderson@example.com,NH,2024-09-01
31,Angel Ellis,jonesjason@example.com,DC,2025-11-26
32,Sherry Wood,samueldaniels@example.com,RI,2026-01-02
33,Kendra Contreras,sarah12@example.com,DE,2025-10-25
34,Brittney Campbell,jenniferharris@example.net,PR,2024-07-24
35,Taylor Mathis Jr.,ccalderon@example.org,MA,2025-07-30
36,Deborah Figueroa,hhoffman@example.org,FM,2025-06-02
37,Andrew Wood,russellwilliams@example.com,MH,2025-11-26
38,Amanda Howard,elizabethgomez@example.net,FM,2025-10-14
39,Nicole Frost,michellecherry@example.org,FM,2024-11-10
40,Tim Patton,vpham@example.org,KY,2024-05-09
41,Janet Williams,dwalker@example.com,ME,2025-09-04
42,Courtney Keller,emurphy@example.com,MI,2025-04-26
43,William Herrera,wilsontara@example.org,OR,2025-12-17
44,Brian Hamilton,samuel81@example.com,MH,2025-03-10
45,Michael Smith,michaeljones@example.net,PW,2024-09-11
46,Ryan Cortez,william65@example.com,UT,2024-08-17
47,Jason Bentley,christinaturner@example.net,MP,2024-01-14
48,Jeffrey Carpenter,steven73@example.net,NJ,2025-08-16
49,Nancy Hopkins,zachary95@example.org,GU,2025-12-09
50,Eric Drake,andrewsanchez@example.com,RI,2025-09-26
51,Jason Soto,jennifercruz@example.com,IA,2024-04-30
52,Stephanie Dalton,osbornejeffery@example.net,NC,2024-12-18
53,Sylvia Martinez,lauriecontreras@example.net,PA,2024-09-01
54,Jessica Briggs,jrivas@example.com,MH,2024-05-09
55,Joanna Walton,katie87@example.net,IA,2024-08-01
56,Dustin Nelson,patricia12@example.org,IN,2024-10-19
57,Daniel Perry,amy60@example.org,MP,2024-11-16
58,Lauren Dominguez,wwoods@example.com,WV,2024-10-25
59,Sara Medina,tracynelson@example.com,AK,2024-10-24
60,Rebecca Ramsey,ncalhoun@example.net,AK,2025-11-06
61,Mary Miller,dtaylor@example.org,AR,2024-07-22
62,Jesse Rogers,aramirez@example.com,MP,2024-03-13
63,Joshua Cooke,jeffrey10@example.org,IA,2024-06-07
64,Christian Martinez,elliottjeffery@example.net,KS,2025-07-27
65,Lawrence Adkins,stricklandfrank@example.com,CT,2025-03-12
66,Laura Odonnell,tsanders@example.org,CA,2025-03-21
67,Dana Terry,melissa91@example.net,WY,2024-02-13
68,Mary Jones,alexander67@example.org,NE,2025-12-16
69,Sandra Zimmerman,hthompson@example.net,KY,2025-04-08
70,Patricia Marshall,marcus31@example.com,FM,2024-12-08
71,Laura Barnett,anthony52@example.com,IL,2024-09-29
72,Douglas Carlson,angela83@example.org,IA,2025-06-23
73,Peter Vaughn DDS,bwest@example.org,LA,2024-06-23
74,Elizabeth Perkins,wtran@example.com,WA,2025-02-19
75,Jesse Parker,davidlee@example.org,WA,2025-02-08
76,Cathy Robinson,lhill@example.net,PA,2024-08-07
77,Cory Perez,kevinerickson@example.org,KY,2024-02-16
78,Edgar Raymond,agarcia@example.net,LA,2024-12-22
79,Cody Williams,ewilson@example.com,NM,2024-03-08
80,Amy Hernandez,christopher31@example.net,WV,2024-11-13
81,Lisa Rowe,chayes@example.com,VI,2025-03-19
82,Keith Brown,mezajared@example.org,KS,2025-05-10
83,Christopher Jones,ortizhannah@example.com,LA,2024-02-06
84,Douglas Heath,mcdanielsandra@example.net,OR,2025-05-11
85,Jessica Stephens,rebekahserrano@example.org,AR,2024-05-14
86,Paul Carroll,scott74@example.net,MO,2025-12-03
87,Katherine Miller,prestonjessica@example.net,KS,2024-02-01
88,Michael Valencia,keyemily@example.com,OK,2024-02-12
89,Julie Pearson,howard96@example.net,GU,2025-01-07
90,Gregory Cook,hodgemark@example.net,NM,2024-08-11
91,Robin Pierce,qmiller@example.com,DE,2025-12-23
92,Jose Travis,mgutierrez@example.net,MN,2025-04-13
93,Mr. Anthony Adams Jr.,samuel71@example.org,SC,2025-04-03
94,Christopher Pierce,hdavis@example.com,DE,2025-05-01
95,Timothy Carter,robert77@example.org,NH,2025-02-19
96,Thomas Romero,michellehill@example.com,MA,2025-11-26
97,Samantha Campbell,mary97@example.org,NV,2025-02-10
98,Juan Daniels,mcantu@example.net,IA,2025-03-06
99,Reginald Williams,zthornton@example.com,MS,2026-01-05
100,Marissa Hernandez,martineztammy@example.com,VI,2024-03-27
101,Ariana Lozano,,FL,2024-03-08
102,Deborah Hanson,vsantos@example.net,PR,2025-02-07
103,Lori Clay,cbrennan@example.net,CA,2024-07-03
104,Donna Perez,hamiltoncorey@example.net,VT,2025-10-12
105,Michael Berger,nguyenbrian@example.com,MN,2024-11-23
106,Jason Maldonado,georgemiller@example.com,RI,2025-05-27
107,Mr. David Little MD,nolansteven@example.com,TX,2025-02-16
108,Tony Huerta,danielle64@example.com,PR,2024-08-21
109,Dr. Ashley James MD,victoria40@example.net,MO,2024-08-01
110,Melissa Garner,lozanojulie@example.com,WI,2025-08-19
111,Heather Fields,erica21@example.net,SD,2024-02-11
112,Amanda Diaz,christopherphillips@example.net,MT,2024-05-21
113,Joshua Mata,maria47@example.com,WA,2025-10-11
114,Julie Jones,michelleramsey@example.com,PR,2025-08-24
115,Richard Smith,gibsonemily@example.net,KS,2025-03-16
116,Teresa Rodriguez,thomasharvey@example.net,MD,2025-11-13
117,Arthur Colon,debra12@example.org,AZ,2024-08-23
118,Brent Clay Jr.,vwatson@example.net,ND,2024-11-15
119,Brittany Perry,basschristina@example.com,AZ,2025-06-01
120,Jeremy Young,cory58@example.net,MI,2024-02-27
121,Walter Rush,ndavis@example.net,SC,2025-03-25
122,Richard Sanchez,kristinharris@example.net,IL,2025-03-17
123,Crystal Schroeder,ramireztracey@example.org,ND,2024-07-15
124,Matthew Johnson,howardkristina@example.net,MD,2024-01-25
125,Cameron Fisher,reesethomas@example.com,NY,2025-03-22
126,Daniel Gilbert,stephen00@example.com,PR,2024-11-02
127,Katherine Browning,lammarc@example.org,CA,2024-04-15
128,Lauren Joseph,hvang@example.com,NH,2025-01-17
129,Ricky Wilson,russellbeasley@example.com,MA,2025-09-09
130,Nicholas Edwards,elizabeth52@example.net,NJ,2024-03-03
131,Anna Davis,lisa80@example.net,OH,2025-02-27
132,Jennifer Russo,uparrish@example.org,LA,2025-03-27
133,Kenneth Lewis,gwalker@example.com,PR,2025-02-23
134,Donald Perez,xbruce@example.net,RI,2025-05-21
135,Lisa Barrett,anthony44@example.com,MI,2024-01-18
136,Kylie Morales,joycebonilla@example.org,WA,2025-02-04
137,Jesse Moore,jennifer99@example.org,FM,2024-02-21
138,Luke Craig,scott67@example.net,NV,2024-11-11
139,Jose Reed,,NC,2025-05-15
140,James Greene,harrissierra@example.org,WV,2024-07-18
141,Adam Burgess,davidpatel@example.org,NY,2025-02-25
142,Heather Sanders,grahamsteve@example.org,VI,2024-08-29
143,Jared Bowman,darius05@example.org,AS,2025-12-06
144,Michael Cox,prichard@example.com,OR,2024-11-01
145,Seth Reese,masonjackson@example.net,SC,2024-04-06
146,Susan Bailey,joelthomas@example.org,HI,2025-03-29
147,Mary Thompson,kmarshall@example.net,NV,2025-05-25
148,Maria Downs,michelle52@example.com,CA,2024-12-21
149,Rebecca Vargas,william47@example.com,AZ,2024-02-24
150,Angela Lin,gilbertwilliam@example.com,OR,2025-02-22
151,Stephanie Cole,marcalvarez@example.org,AR,2024-12-08
152,Sara Haas,wagnergerald@example.org,VT,2024-11-29
153,Joseph Moore,samantha66@example.com,TX,2025-03-26
154,Maria Jones,grantpaul@example.com,VA,2025-09-27
155,Lindsey Hernandez,aguilardonald@example.com,ME,2025-12-21
156,Jenna Larson,collinsnicholas@example.com,GU,2024-04-16
157,Theresa Osborn,lucasrodney@example.com,AK,2024-10-05
158,Daniel Meza,ilee@example.org,CA,2024-08-17
159,Katie Fernandez,stanleynancy@example.net,DC,2025-03-25
160,Christopher Schwartz,jenniferwilliams@example.com,TX,2025-06-23
161,Lisa Goodwin,pyoung@example.com,AS,2025-08-09
162,Cheyenne Gregory,smurray@example.com,NY,2025-02-02
163,Ruth Solis,moniquewilliams@example.com,VI,2024-10-11
164,Michelle Black,mitchellkathryn@example.com,NV,2025-11-05
165,Jeffrey Potts,lisawilkerson@example.org,MT,2024-02-21
166,Cynthia Vang,jeffrey51@example.net,SD,2024-09-15
167,Andrew Lowery,ihorton@example.net,NJ,2024-12-06
168,Bobby Scott,,NE,2024-04-04
169,Eric Williams,nfowler@example.com,CA,2024-04-04
170,Linda Smith,jennifercarter@example.org,RI,2024-09-27
171,Chelsea Barnett,carlos88@example.net,WY,2026-01-05
172,Jeanette Harrison,qzavala@example.net,AK,2024-10-01
173,David Sandoval,ingramjill@example.com,DC,2024-02-15
174,Robin Thompson,epollard@example.net,HI,2025-08-29
175,Ricardo Ellis,james30@example.com,ME,2025-01-24
176,Kimberly King PhD,justinatkins@example.org,VI,2025-05-07
177,Robert Kim,ypaul@example.com,HI,2025-01-10
178,Tim Stone PhD,mmiller@example.org,ND,2024-08-15
179,Garrett Phillips,bmorrison@example.org,UT,2024-12-03
180,Nicholas Buck,yhill@example.org,CA,2025-05-18
181,Jose Brady,stephaniethomas@example.net,TX,2025-08-07
182,Austin Osborne,michael90@example.net,FL,2025-05-24
183,Jacqueline Hines,alyssasanders@example.net,KY,2024-07-14
184,Noah Porter,hmcintyre@example.com,WI,2024-07-22
185,Zachary Mitchell,igonzalez@example.org,NV,2024-05-19
186,Yolanda Cochran,elizabeth18@example.net,LA,2025-10-26
187,Michelle Ho,laurahicks@example.org,ID,2025-08-15
188,Johnny Ward,tanner82@example.net,FM,2024-03-17
189,Zachary Higgins,khammond@example.org,DC,2025-12-24
190,Joanna Frazier,david89@example.org,WI,2025-12-20
191,Thomas Brown,holmeskevin@example.org,MD,2025-11-27
192,Travis Stone,meghan43@example.net,OH,2024-08-01
193,Lisa Davis,brittanycarpenter@example.org,TN,2025-04-14
194,Gail Bradshaw,bryananthony@example.org,SD,2025-07-30
195,Daniel Armstrong,jimenezcourtney@example.com,SD,2025-12-13
196,Dr. Michael Evans,barkereric@example.com,NJ,2024-12-18
197,Charles Hensley,jessica56@example.org,WV,2024-10-10
198,Emma Owens,shannon21@example.org,LA,2025-12-05
199,Jennifer Estes,lisapeck@example.net,MD,2024-05-31
200,Zachary Owens,tyler16@example.net,NH,2025-12-20
10,Patrick Ryan,zhurst@example.com,IN,2026-01-12
103,Lori Clay,cbrennan@example.net,CA,2024-07-03
158,Daniel Meza,ilee@example.org,CA,2024-08-17
185,Zachary Mitchell,igonzalez@example.org,NV,2024-05-19
33,Kendra Contreras,sarah12@example.com,DE,2025-10-25
